kode_deskel,deskel,jumlah_kk,indikator_A,indikator_B,indikator_C,indikator_D,indikator_E,indikator_F,indikator_G,indikator_H,indikator_K,indikator_L,indikator_M,dimensi_A,dimensi_B,dimensi_C,dimensi_D,dimensi_E,iid_desa,interpretasi_iid_desa,ikd_desa,interpretasi_ikd_desa,gini_iid_rumah_tangga,interpretasi_gini,dds_desa,interpretasi_dds_desa
64.02.02.2001,jonggon desa,915,0.820765,0.785117,0.045902,0.724863,0.370984,0.616134,0.042978,0.456114,0.581967,0.721858,0.291803,0.550594,0.724863,0.443552,0.531876,0.249546,0.538905,Rendah,0.461095,Tinggi,0.175121,Sedang,0.318108,Tinggi
64.02.02.2002,sungai payang,672,0.796131,0.773094,0.096726,0.742932,0.373735,0.619257,0.044707,0.517684,0.660714,0.798363,0.220238,0.555317,0.742932,0.446028,0.559772,0.281195,0.553842,Rendah,0.446158,Tinggi,0.196271,Tinggi,0.321214,Tinggi
64.02.02.2003,jembayan,1359,0.840324,0.822296,0.109639,0.776858,0.489698,0.595406,0.03589,0.326699,0.635762,0.758646,0.264901,0.590753,0.776858,0.516872,0.553103,0.181294,0.574027,Rendah,0.425973,Sedang,0.18081,Tinggi,0.303392,Sedang
64.02.02.2004,loa kulu kota,1776,0.898086,0.869367,0.203266,0.825732,0.594229,0.653178,0.021622,0.405464,0.728604,0.838682,0.472973,0.656906,0.825732,0.606911,0.680086,0.213543,0.649413,Sedang,0.350587,Rendah,0.138138,Rendah,0.244362,Rendah
64.02.02.2005,loh sumber,1094,0.844607,0.835908,0.162706,0.746801,0.5883,0.673397,0.039825,0.410481,0.642596,0.803931,0.502742,0.614407,0.746801,0.602537,0.649756,0.225153,0.613276,Sedang,0.386724,Rendah,0.166169,Sedang,0.276447,Rendah
64.02.02.2006,ponoragan,785,0.86879,0.835402,0.207643,0.771019,0.601146,0.653526,0.079575,0.409512,0.580255,0.780255,0.233121,0.637278,0.771019,0.59776,0.53121,0.244544,0.602323,Sedang,0.397677,Rendah,0.168697,Sedang,0.283187,Sedang
64.02.02.2007,rempanga,852,0.940141,0.910681,0.14554,0.784624,0.604988,0.648964,0.016217,0.297203,0.512911,0.65669,0.1473,0.665454,0.784624,0.610827,0.438967,0.15671,0.588149,Rendah,0.411851,Sedang,0.151232,Rendah,0.281541,Sedang
64.02.02.2008,margahayu,1106,0.812839,0.751944,0.094937,0.744349,0.431193,0.677785,0.091501,0.486832,0.506329,0.685353,0.334087,0.55324,0.744349,0.498621,0.50859,0.289166,0.554756,Rendah,0.445244,Tinggi,0.202744,Tinggi,0.323994,Tinggi
64.02.02.2009,jonggon jaya,803,0.787049,0.762578,0.082192,0.707036,0.399191,0.602372,0.054151,0.551951,0.629514,0.743462,0.181818,0.543939,0.707036,0.455147,0.518265,0.303051,0.537731,Rendah,0.462269,Tinggi,0.197696,Tinggi,0.329982,Tinggi
64.02.02.2010,lung anai,145,0.896552,0.864253,0.103448,0.746552,0.395517,0.693089,0.206437,0.893793,0.793103,0.872414,0.424138,0.621418,0.746552,0.470632,0.696552,0.550115,0.630441,Sedang,0.369559,Rendah,0.142966,Rendah,0.256263,Rendah
64.02.02.2011,jembayan tengah,523,0.843212,0.807361,0.06501,0.732314,0.424761,0.612768,0.082318,0.439197,0.614723,0.737094,0.615679,0.571861,0.732314,0.470092,0.655832,0.260758,0.577304,Rendah,0.422696,Sedang,0.168877,Sedang,0.295786,Sedang
64.02.02.2012,jembayan dalam,447,0.776286,0.74258,0.049217,0.744966,0.373937,0.622671,0.057031,0.410403,0.517897,0.696868,0.599553,0.522695,0.744966,0.432532,0.604773,0.233717,0.547748,Rendah,0.452252,Tinggi,0.220933,Tinggi,0.336592,Tinggi
64.02.02.2013,sepakat,611,0.831424,0.839362,0.211129,0.778232,0.594026,0.623478,0.066912,0.369558,0.747136,0.846154,0.376432,0.627305,0.778232,0.59358,0.656574,0.218235,0.623239,Sedang,0.376761,Rendah,0.166177,Sedang,0.271469,Rendah
64.02.02.2014,sumber sari,1036,0.795367,0.773102,0.1361,0.722973,0.499276,0.626503,0.128716,0.425064,0.516892,0.723938,0.217181,0.56819,0.722973,0.521823,0.486004,0.27689,0.552045,Rendah,0.447955,Tinggi,0.193407,Tinggi,0.320681,Tinggi
64.02.02.2015,jongkang,432,0.886574,0.871894,0.141204,0.773148,0.504398,0.630671,0.043789,0.4479,0.75463,0.796296,0.430556,0.633224,0.773148,0.542187,0.660494,0.245844,0.616714,Sedang,0.383286,Rendah,0.142098,Rendah,0.262692,Rendah
64.02.02.2016,jembayan ilir,1164,0.860825,0.818843,0.106529,0.806271,0.47762,0.595075,0.006472,0.17339,0.626718,0.771048,0.448883,0.595399,0.806271,0.509379,0.61555,0.089931,0.584396,Rendah,0.415604,Sedang,0.15679,Sedang,0.286197,Sedang
64.02.03.2001,bakungan,2285,0.878337,0.861746,0.105033,0.799672,0.495908,0.593273,0.016765,0.346743,0.665208,0.774836,0.304158,0.614986,0.799672,0.522998,0.5814,0.181678,0.592712,Rendah,0.407288,Sedang,0.155151,Sedang,0.281219,Sedang
64.02.03.2002,loa duri ulu,2118,0.878187,0.852228,0.144004,0.819169,0.557247,0.646486,0.039618,0.323947,0.604108,0.79745,0.154391,0.624806,0.819169,0.579253,0.51865,0.181783,0.598753,Rendah,0.401247,Sedang,0.138237,Rendah,0.269742,Rendah
64.02.03.2003,loa janan ulu,3735,0.900134,0.852312,0.192236,0.817604,0.60743,0.643838,0.01061,0.344702,0.547256,0.748862,0.332396,0.648151,0.817604,0.613367,0.542838,0.177656,0.615592,Sedang,0.384408,Rendah,0.144558,Rendah,0.264483,Rendah
64.02.03.2004,purwajaya,1682,0.895363,0.858878,0.158145,0.8261,0.569709,0.672721,0.045953,0.453302,0.714923,0.845422,0.316885,0.637462,0.8261,0.591835,0.625743,0.249493,0.634355,Sedang,0.365645,Rendah,0.144143,Rendah,0.254894,Rendah
64.02.03.2005,tani bakti,877,0.846066,0.81984,0.158495,0.783067,0.492987,0.643108,0.092607,0.531927,0.761688,0.878563,0.13626,0.608134,0.783067,0.532421,0.59217,0.312267,0.603945,Sedang,0.396055,Rendah,0.16047,Sedang,0.278262,Rendah
64.02.03.2006,batuah,2704,0.851701,0.829966,0.098003,0.74399,0.448872,0.606434,0.016476,0.379426,0.612981,0.729475,0.173817,0.593223,0.74399,0.493853,0.505424,0.197951,0.553954,Rendah,0.446046,Tinggi,0.176061,Sedang,0.311053,Tinggi
64.02.03.2007,loa duri ilir,3275,0.904733,0.880643,0.201527,0.874733,0.612992,0.68382,0.01585,0.403071,0.749008,0.894351,0.470382,0.662122,0.874733,0.629651,0.70458,0.209399,0.672183,Sedang,0.327817,Rendah,0.120075,Rendah,0.223946,Rendah
64.02.03.2008,tani harapan,808,0.897277,0.876302,0.167079,0.798267,0.459592,0.581044,0.06479,0.469136,0.850866,0.896658,0.156559,0.646886,0.798267,0.492605,0.634695,0.266963,0.613445,Sedang,0.386555,Rendah,0.135722,Rendah,0.261138,Rendah
64.02.04.2002,muara pantuan,635,0.817323,0.764398,0.026772,0.740551,0.299449,0.618556,0.069149,0.361312,0.599213,0.7,0.234646,0.536164,0.740551,0.405656,0.511286,0.215231,0.52409,Rendah,0.47591,Tinggi,0.167135,Sedang,0.321522,Tinggi
64.02.04.2004,kutai lama,961,0.849116,0.819854,0.061394,0.783039,0.393028,0.601106,0.034941,0.306266,0.636316,0.776275,0.301769,0.576788,0.783039,0.45568,0.571453,0.170604,0.562444,Rendah,0.437556,Sedang,0.167623,Sedang,0.30259,Sedang
64.02.04.2005,anggana,1079,0.895273,0.864998,0.131603,0.810704,0.553892,0.671105,0.035968,0.309994,0.664504,0.912882,0.247451,0.630625,0.810704,0.583936,0.608279,0.172981,0.616073,Sedang,0.383927,Rendah,0.13806,Rendah,0.260993,Rendah
64.02.04.2007,sidomulyo,1293,0.812065,0.791017,0.172467,0.754254,0.472583,0.649036,0.095059,0.423335,0.754447,0.851121,0.368136,0.59185,0.754254,0.517288,0.657902,0.259197,0.597483,Rendah,0.402517,Sedang,0.181481,Tinggi,0.291999,Sedang
64.02.04.2008,handil terusan,1164,0.824742,0.799059,0.064433,0.737973,0.386856,0.625279,0.038868,0.303784,0.621134,0.789519,0.228952,0.562745,0.737973,0.463932,0.546535,0.171326,0.544405,Rendah,0.455595,Tinggi,0.167845,Sedang,0.31172,Tinggi
64.02.06.1001,jahab,1198,0.858097,0.849336,0.140234,0.783598,0.562479,0.684415,0.050921,0.510084,0.638147,0.760434,0.42571,0.615889,0.783598,0.591263,0.608097,0.280503,0.617794,Sedang,0.382206,Rendah,0.159989,Sedang,0.271097,Rendah
64.02.06.1002,loa ipuh,4404,0.881926,0.811972,0.240009,0.792007,0.660354,0.655395,0.006795,0.224688,0.558924,0.708106,0.372048,0.644551,0.792007,0.652691,0.546359,0.115742,0.610589,Sedang,0.389411,Rendah,0.152149,Rendah,0.27078,Rendah
64.02.06.1003,bukit biru,1377,0.791576,0.777487,0.127814,0.74183,0.493573,0.688829,0.055569,0.57627,0.629267,0.765069,0.567175,0.565626,0.74183,0.540571,0.653837,0.31592,0.597338,Rendah,0.402662,Sedang,0.18017,Tinggi,0.291416,Sedang
64.02.06.1004,timbau,3300,0.910606,0.902001,0.278182,0.836364,0.712864,0.717696,0.013312,0.239926,0.595606,0.741061,0.475455,0.696889,0.836364,0.710313,0.60404,0.126619,0.658872,Sedang,0.341128,Rendah,0.135125,Rendah,0.238126,Rendah
64.02.06.1005,melayu,2555,0.931115,0.907236,0.280235,0.831898,0.659706,0.713443,0.013126,0.310672,0.693933,0.847358,0.388454,0.706195,0.831898,0.67199,0.643249,0.161899,0.663761,Sedang,0.336239,Rendah,0.12273,Rendah,0.229484,Rendah
64.02.06.1006,panji,1215,0.937449,0.898285,0.261728,0.824486,0.665514,0.678563,0.01738,0.331701,0.648971,0.80823,0.287243,0.699154,0.824486,0.665885,0.581481,0.17454,0.647837,Sedang,0.352163,Rendah,0.13255,Rendah,0.242356,Rendah
64.02.06.1007,sukarame,918,0.943355,0.935811,0.38671,0.884804,0.739052,0.693449,0.022458,0.229062,0.751089,0.826253,0.483115,0.755134,0.884804,0.722141,0.686819,0.125635,0.70434,Tinggi,0.29566,Rendah,0.111747,Rendah,0.203704,Rendah
64.02.06.1008,kampung baru,1223,0.955846,0.941564,0.453802,0.865495,0.729763,0.709707,0.014595,0.323494,0.786999,0.936222,0.51758,0.783738,0.865495,0.719781,0.746934,0.169045,0.722555,Tinggi,0.277445,Rendah,0.106996,Rendah,0.19222,Rendah
64.02.06.1009,loa tebu,1154,0.873484,0.874581,0.210572,0.777946,0.539298,0.601312,0.029782,0.34799,0.759965,0.863085,0.145581,0.652879,0.777946,0.545696,0.589544,0.188886,0.603643,Sedang,0.396357,Rendah,0.15516,Sedang,0.275759,Rendah
64.02.06.1010,mangkurawang,450,0.975556,0.944661,0.297778,0.875556,0.617444,0.650433,0.009321,0.21719,0.803333,0.92,0.26,0.739332,0.875556,0.617204,0.661111,0.113256,0.67071,Sedang,0.32929,Rendah,0.103815,Rendah,0.216552,Rendah
64.02.06.1011,maluhu,1428,0.852941,0.826978,0,0.686099,0.559909,0.675584,0.080527,0,0,0.870448,0,0.559973,0.686099,0.583508,0.290149,0.040264,0.490276,Rendah,0.509724,Tinggi,0.139746,Rendah,0.324735,Tinggi
64.02.06.1013,loa ipuh darat,1094,0.896709,0.830331,0.059415,0.75617,0.463071,0.599293,0.059674,0.366896,0.58958,0.769653,0.495887,0.595485,0.75617,0.493723,0.618373,0.213285,0.581662,Rendah,0.418338,Sedang,0.13669,Rendah,0.277514,Rendah
64.02.06.2012,rapak lambur,544,0.757353,0.749449,0.119485,0.686581,0.414154,0.586712,0.13413,0.539737,0.618566,0.788603,0.513787,0.542096,0.686581,0.456878,0.640319,0.336933,0.560302,Rendah,0.439698,Sedang,0.198807,Tinggi,0.319253,Tinggi
64.02.06.2014,bendang raya,338,0.840237,0.784665,0.073964,0.712278,0.441568,0.606061,0.259418,0.553501,0.597633,0.773669,0.213018,0.566289,0.712278,0.481164,0.528107,0.40646,0.562142,Rendah,0.437858,Sedang,0.153512,Rendah,0.295685,Sedang
64.02.07.2001,selerong,437,0.842105,0.836308,0.160183,0.744851,0.458581,0.605537,0.01762,0.659535,0.716247,0.855835,0.172769,0.612865,0.744851,0.492544,0.581617,0.338577,0.588119,Rendah,0.411881,Sedang,0.172401,Sedang,0.292141,Sedang
64.02.07.2002,tanjung harapan,364,0.870879,0.832921,0.115385,0.713599,0.401786,0.664032,0.128938,0.508883,0.710165,0.809066,0.244505,0.606395,0.713599,0.473626,0.587912,0.31891,0.574197,Rendah,0.425803,Sedang,0.176916,Tinggi,0.30136,Sedang
64.02.07.2003,beloro,684,0.850877,0.823012,0.097953,0.745249,0.425439,0.588057,0.025353,0.266315,0.662281,0.847222,0.371345,0.590614,0.745249,0.46448,0.626949,0.145834,0.566835,Rendah,0.433165,Sedang,0.166634,Sedang,0.2999,Sedang
64.02.07.2004,sebulu ulu,1209,0.861042,0.855085,0.128205,0.785773,0.453681,0.59789,0.004908,0.157706,0.643093,0.803143,0.258065,0.614777,0.785773,0.493548,0.5681,0.081307,0.570598,Rendah,0.429402,Sedang,0.160301,Sedang,0.294852,Sedang
64.02.07.2005,sebulu ilir,688,0.834302,0.838045,0.132267,0.784157,0.50814,0.630696,0.03135,0.396378,0.583576,0.741279,0.328488,0.601538,0.784157,0.53475,0.551114,0.213864,0.584983,Rendah,0.415017,Sedang,0.171537,Sedang,0.293277,Sedang
64.02.07.2006,segihan,619,0.840065,0.775606,0.092084,0.739903,0.425848,0.606039,0.09028,0.439768,0.629241,0.775444,0.609855,0.569251,0.739903,0.478729,0.671513,0.265024,0.58384,Rendah,0.41616,Sedang,0.169152,Sedang,0.292656,Sedang
64.02.07.2007,sumber sari,1799,0.834908,0.812079,0.120623,0.773902,0.47318,0.624312,0.036159,0.507969,0.665092,0.831851,0.355475,0.589203,0.773902,0.511705,0.617473,0.272064,0.593818,Rendah,0.406182,Sedang,0.167957,Sedang,0.287069,Sedang
64.02.07.2008,manunggal daya,1286,0.807932,0.780534,0.101089,0.730365,0.445529,0.687222,0.099826,0.533333,0.601866,0.74689,0.341757,0.563185,0.730365,0.513284,0.563504,0.31658,0.570403,Rendah,0.429597,Sedang,0.188892,Tinggi,0.309245,Sedang
64.02.07.2009,giri agung,775,0.747097,0.71129,0.130323,0.673548,0.431226,0.691898,0.220538,0.715075,0.619355,0.815484,0.439355,0.52957,0.673548,0.492871,0.624731,0.467806,0.571081,Rendah,0.428919,Sedang,0.221111,Tinggi,0.325015,Tinggi
64.02.07.2010,senoni,460,0.804348,0.768866,0.080435,0.724457,0.462283,0.59875,0.032521,0.579834,0.531522,0.679348,0.447826,0.551216,0.724457,0.495163,0.552899,0.306178,0.559148,Rendah,0.440852,Tinggi,0.194247,Tinggi,0.317549,Tinggi
64.02.07.2011,sebulu modern,1134,0.830688,0.80926,0.055556,0.718254,0.349956,0.586716,0.052368,0.192344,0.473986,0.571869,0.259259,0.56493,0.718254,0.429821,0.435038,0.122356,0.506439,Rendah,0.493561,Tinggi,0.196319,Tinggi,0.34494,Tinggi
64.02.07.2012,sanggulan,658,0.908815,0.879849,0.101824,0.770137,0.439818,0.604197,0.067173,0.503814,0.724164,0.857903,0.243921,0.630162,0.770137,0.477221,0.608663,0.285494,0.595801,Rendah,0.404199,Sedang,0.133993,Rendah,0.269096,Rendah
64.02.07.2013,lekaq kidau,102,0.852941,0.807026,0.098039,0.730392,0.428431,0.66131,0.365196,0.594444,0.5,0.691176,0.632353,0.586002,0.730392,0.481046,0.607843,0.47982,0.594858,Rendah,0.405142,Sedang,0.186258,Tinggi,0.2957,Sedang
64.02.07.2014,mekar jaya,817,0.886169,0.854928,0.0612,0.754896,0.430845,0.657474,0.052247,0.333298,0.501224,0.614443,0.69645,0.600765,0.754896,0.499022,0.604039,0.192773,0.578805,Rendah,0.421195,Sedang,0.156663,Sedang,0.288929,Sedang
64.02.08.2004,loleng,682,0.865103,0.849668,0.070381,0.740103,0.460044,0.666519,0.05022,0.29174,0.587243,0.751466,0.582111,0.595051,0.740103,0.523754,0.640274,0.17098,0.583692,Rendah,0.416308,Sedang,0.149357,Rendah,0.282832,Sedang
64.02.08.2005,kota bangun ulu,1372,0.930758,0.905418,0.208455,0.843659,0.612536,0.703965,0.012245,0.328495,0.716108,0.852041,0.369898,0.681544,0.843659,0.63776,0.646016,0.17025,0.655081,Sedang,0.344919,Rendah,0.129911,Rendah,0.237415,Rendah
64.02.08.2006,kota bangun ilir,847,0.893743,0.874389,0.164109,0.813754,0.509032,0.617581,0.018075,0.411224,0.697166,0.812279,0.405549,0.64408,0.813754,0.537485,0.638331,0.21465,0.621087,Sedang,0.378913,Rendah,0.155076,Rendah,0.266994,Rendah
64.02.08.2007,liang,774,0.869509,0.858398,0.140827,0.805233,0.450646,0.610025,0.066916,0.427756,0.752584,0.851421,0.322351,0.622911,0.805233,0.499957,0.642119,0.247336,0.610185,Sedang,0.389815,Rendah,0.155644,Sedang,0.27273,Rendah
64.02.08.2008,muhuran,188,0.835106,0.753989,0.06383,0.730053,0.364628,0.566978,0.147606,0.398936,0.577128,0.776596,0.553191,0.550975,0.730053,0.410018,0.635638,0.273271,0.556715,Rendah,0.443285,Tinggi,0.186572,Tinggi,0.314928,Tinggi
64.02.08.2009,pela,148,0.831081,0.818581,0.047297,0.712838,0.384459,0.530584,0.391683,0.619257,0.658784,0.790541,0.040541,0.565653,0.712838,0.425056,0.496622,0.50547,0.554505,Rendah,0.445495,Tinggi,0.141306,Rendah,0.2934,Sedang
64.02.08.2017,kedang murung,654,0.857798,0.819801,0.070336,0.809251,0.443196,0.582143,0.026172,0.477013,0.610092,0.762232,0.616208,0.582645,0.809251,0.479931,0.662844,0.251593,0.601688,Sedang,0.398312,Rendah,0.147783,Rendah,0.273047,Rendah
64.02.08.2018,kota bangun seberang,613,0.836868,0.809054,0.089723,0.785481,0.427732,0.568229,0.072283,0.385726,0.610114,0.700653,0.195759,0.578548,0.785481,0.460468,0.502175,0.229005,0.556436,Rendah,0.443564,Tinggi,0.182042,Tinggi,0.312803,Tinggi
64.02.08.2019,liang ulu,621,0.888889,0.877187,0.15942,0.814815,0.519968,0.664996,0.078115,0.480435,0.733494,0.878422,0.283414,0.641832,0.814815,0.562305,0.631777,0.279275,0.630906,Sedang,0.369094,Rendah,0.145053,Rendah,0.257073,Rendah
64.02.08.2020,sebelimbingan,177,0.824859,0.806215,0.073446,0.805085,0.381073,0.610472,0.228343,0.54887,0.658192,0.799435,0.49435,0.568173,0.805085,0.435546,0.650659,0.388606,0.599416,Rendah,0.400584,Sedang,0.179718,Tinggi,0.290151,Sedang
64.02.08.2021,sangkuliman,216,0.824074,0.804475,0.078704,0.753472,0.440741,0.671769,0.092284,0.409259,0.604167,0.840278,0.354167,0.569084,0.753472,0.508565,0.599537,0.250772,0.577337,Rendah,0.422663,Sedang,0.164707,Sedang,0.293685,Sedang
64.02.11.2001,muara kaman ilir,701,0.884451,0.85535,0.067047,0.762126,0.481098,0.621337,0.022509,0.249406,0.524251,0.722539,0.274608,0.602282,0.762126,0.520994,0.507133,0.135957,0.560323,Rendah,0.439677,Sedang,0.158707,Sedang,0.299192,Sedang
64.02.11.2002,rantau hempang,397,0.803526,0.693367,0.030227,0.68262,0.412846,0.579374,0.024643,0.462427,0.594458,0.748111,0.332494,0.50904,0.68262,0.459488,0.558354,0.243535,0.525837,Rendah,0.474163,Tinggi,0.209495,Tinggi,0.341829,Tinggi
64.02.11.2003,teratak,479,0.76618,0.725852,0.048017,0.708768,0.405637,0.606213,0.079158,0.638309,0.584551,0.796451,0.114823,0.51335,0.708768,0.462004,0.498608,0.358733,0.533525,Rendah,0.466475,Tinggi,0.197252,Tinggi,0.331863,Tinggi
64.02.11.2004,benua puhun,822,0.888078,0.879643,0.087591,0.77281,0.418431,0.59255,0.021046,0.609611,0.841241,0.89781,0.515815,0.618437,0.77281,0.473844,0.751622,0.315328,0.624438,Sedang,0.375562,Rendah,0.13969,Rendah,0.257626,Rendah
64.02.11.2005,muara kaman ulu,959,0.87487,0.857803,0.114703,0.747393,0.463295,0.566129,0.023179,0.31333,0.611575,0.83316,0.201773,0.615792,0.747393,0.489757,0.548836,0.168254,0.56534,Rendah,0.43466,Sedang,0.152969,Rendah,0.293814,Sedang
64.02.11.2006,sabintulung,857,0.828471,0.804117,0.052509,0.722287,0.345683,0.481373,0.031914,0.406876,0.53909,0.826721,0.474329,0.561699,0.722287,0.38837,0.61338,0.219395,0.543286,Rendah,0.456714,Tinggi,0.174398,Sedang,0.315556,Tinggi
64.02.11.2007,muara siran,406,0.807882,0.731709,0.051724,0.778941,0.300246,0.522041,0.105952,0.571182,0.442118,0.62931,0.447044,0.530438,0.778941,0.367837,0.506158,0.338567,0.536,Rendah,0.464,Tinggi,0.217625,Tinggi,0.340812,Tinggi
64.02.11.2008,tunjungan,302,0.827815,0.670806,0.016556,0.692881,0.216556,0.489939,0.061369,0.437693,0.589404,0.769868,0.649007,0.505059,0.692881,0.308306,0.669426,0.249531,0.519984,Rendah,0.480016,Tinggi,0.170916,Sedang,0.325466,Tinggi
64.02.11.2009,sedulang,425,0.856471,0.789843,0.101176,0.7,0.392824,0.527036,0.013804,0.357412,0.727059,0.745882,0.495294,0.582497,0.7,0.433776,0.656078,0.185608,0.557156,Rendah,0.442844,Tinggi,0.174261,Sedang,0.308552,Sedang
64.02.11.2010,menamang kiri,320,0.834375,0.765219,0.059375,0.685156,0.408125,0.585939,0.042188,0.603045,0.514062,0.503125,0.484375,0.552192,0.685156,0.460733,0.500521,0.321674,0.533755,Rendah,0.466245,Tinggi,0.177588,Tinggi,0.321916,Tinggi
64.02.11.2011,menamang kanan,300,0.923333,0.901611,0.066667,0.78,0.353833,0.562481,0.041198,0.490048,0.83,0.861667,0.54,0.630537,0.78,0.415139,0.743889,0.265623,0.611002,Sedang,0.388998,Rendah,0.122051,Rendah,0.255524,Rendah
64.02.11.2012,sido mukti,894,0.691275,0.664781,0.071588,0.659396,0.429362,0.663296,0.126987,0.514294,0.602908,0.774049,0.520694,0.475882,0.659396,0.49588,0.63255,0.32064,0.541569,Rendah,0.458431,Tinggi,0.228243,Tinggi,0.343337,Tinggi
64.02.11.2013,panca jaya,934,0.744111,0.730335,0.072805,0.682548,0.421895,0.642578,0.066515,0.40132,0.491435,0.70182,0.360814,0.515751,0.682548,0.480318,0.518023,0.233918,0.522635,Rendah,0.477365,Tinggi,0.213512,Tinggi,0.345439,Tinggi
64.02.11.2014,bunga jadi,1038,0.856455,0.796355,0.092486,0.762765,0.44422,0.603945,0.098035,0.525112,0.711946,0.84104,0.427264,0.581765,0.762765,0.488345,0.660083,0.311574,0.596976,Rendah,0.403024,Sedang,0.16504,Sedang,0.284032,Sedang
64.02.11.2015,kupang baru,183,0.704918,0.71908,0.038251,0.801913,0.236612,0.450278,0.117674,0.40206,0.472678,0.60929,0.508197,0.486107,0.801913,0.298315,0.530055,0.259867,0.515475,Rendah,0.484525,Tinggi,0.235538,Tinggi,0.360031,Tinggi
64.02.11.2016,lebaho ulaq,361,0.933518,0.844044,0.066482,0.822715,0.420637,0.557458,0.025577,0.23615,0.756233,0.84349,0.477839,0.614681,0.822715,0.46422,0.692521,0.130863,0.603783,Sedang,0.396217,Rendah,0.120078,Rendah,0.258147,Rendah
64.02.11.2017,bukit jering,289,0.861592,0.856327,0.027682,0.706747,0.372664,0.491753,0.026874,0.165917,0.740484,0.887543,0.250865,0.581867,0.706747,0.40297,0.626298,0.096396,0.537647,Rendah,0.462353,Tinggi,0.156568,Sedang,0.309461,Tinggi
64.02.11.2018,liang buaya,267,0.689139,0.667478,0.044944,0.729401,0.27397,0.570103,0.067104,0.722722,0.539326,0.698502,0.5,0.467187,0.729401,0.371255,0.579276,0.394913,0.528744,Rendah,0.471256,Tinggi,0.233901,Tinggi,0.352579,Tinggi
64.02.11.2019,puan cepak,222,0.851351,0.83013,0.040541,0.717342,0.315541,0.515261,0.054848,0.478153,0.70045,0.864865,0.281532,0.574007,0.717342,0.383521,0.615616,0.2665,0.549315,Rendah,0.450685,Tinggi,0.149784,Rendah,0.300235,Sedang
64.02.11.2020,cipari makmur,386,0.813472,0.714995,0.080311,0.71114,0.436788,0.650692,0.139508,0.670606,0.59715,0.84715,0.108808,0.536259,0.71114,0.496287,0.517703,0.404188,0.555067,Rendah,0.444933,Tinggi,0.176545,Sedang,0.310739,Tinggi
64.02.15.1001,jawa,1112,0.866007,0.856385,0.148381,0.774505,0.576529,0.671064,0.020833,0.336106,0.620054,0.779676,0.457734,0.623591,0.774505,0.591817,0.619155,0.17847,0.609565,Sedang,0.390435,Rendah,0.166685,Sedang,0.27856,Sedang
64.02.15.1002,pendingin,1029,0.858115,0.849059,0.082604,0.771623,0.473664,0.570136,0.056746,0.467504,0.741983,0.784742,0.518465,0.596205,0.771623,0.497287,0.68173,0.26167,0.603927,Sedang,0.396073,Rendah,0.155212,Sedang,0.275642,Rendah
64.02.15.1003,sanga-sanga dalam,1835,0.897548,0.877976,0.179292,0.803815,0.610436,0.635844,0.025123,0.421501,0.570027,0.728065,0.43406,0.651445,0.803815,0.606417,0.577384,0.223312,0.623234,Sedang,0.376766,Rendah,0.152274,Rendah,0.26452,Rendah
64.02.15.1004,sarijaya,451,0.842572,0.836601,0.146341,0.758315,0.504545,0.628268,0.132668,0.489911,0.727273,0.856984,0.406874,0.608505,0.758315,0.525055,0.66371,0.31129,0.610587,Sedang,0.389413,Rendah,0.177971,Tinggi,0.283692,Sedang
64.02.15.1005,sanga-sanga muara,888,0.863739,0.843963,0.067568,0.784628,0.409459,0.558386,0.057058,0.298253,0.713401,0.836149,0.457207,0.591627,0.784628,0.450657,0.668919,0.177655,0.585793,Rendah,0.414207,Sedang,0.157402,Sedang,0.285805,Sedang
64.02.16.2013,teluk dalam,483,0.848861,0.826639,0.231884,0.781056,0.569358,0.6158,0.010939,0.150138,0.70911,0.84265,0.188406,0.635795,0.781056,0.577036,0.580055,0.080538,0.593685,Rendah,0.406315,Sedang,0.163924,Sedang,0.28512,Sedang
64.02.16.2014,loa lepu,486,0.925926,0.907143,0.242798,0.814815,0.590844,0.684262,0.041368,0.363443,0.721193,0.814815,0.304527,0.691956,0.814815,0.615981,0.613512,0.202405,0.642832,Sedang,0.357168,Rendah,0.125715,Rendah,0.241442,Rendah
64.02.19.2001,kedang ipil,411,0.773723,0.795539,0.111922,0.6691,0.430292,0.619894,0.073642,0.600284,0.701946,0.743309,0.148418,0.560395,0.6691,0.467275,0.531225,0.336963,0.54077,Rendah,0.45923,Tinggi,0.203211,Tinggi,0.33122,Tinggi
64.02.19.2002,sedulang,92,0.771739,0.758773,0.065217,0.682065,0.409239,0.684914,0.102717,0.535895,0.673913,0.826087,0.788043,0.53191,0.682065,0.48981,0.762681,0.319306,0.585923,Rendah,0.414077,Sedang,0.194801,Tinggi,0.304439,Sedang
64.02.19.2003,benua baru,109,0.853211,0.818043,0.091743,0.873853,0.409174,0.545128,0.190367,0.707339,0.733945,0.811927,0.619266,0.587666,0.873853,0.445107,0.721713,0.448853,0.643629,Sedang,0.356371,Rendah,0.151841,Rendah,0.254106,Rendah
64.02.19.2004,kota bangun i,369,0.731707,0.731843,0.100271,0.639566,0.442005,0.607174,0.075113,0.572248,0.547425,0.692412,0.47019,0.521274,0.639566,0.473984,0.570009,0.32368,0.531377,Rendah,0.468623,Tinggi,0.227633,Tinggi,0.348128,Tinggi
64.02.19.2005,kota bangun ii,803,0.823163,0.78352,0.070984,0.715131,0.443773,0.645931,0.068016,0.463553,0.464508,0.58655,0.354296,0.559222,0.715131,0.491262,0.468452,0.265785,0.537109,Rendah,0.462891,Tinggi,0.194582,Tinggi,0.328736,Tinggi
64.02.19.2006,kota bangun iii,855,0.807018,0.777368,0.126316,0.70848,0.47614,0.63018,0.031039,0.483489,0.608187,0.747953,0.197076,0.570234,0.70848,0.505175,0.517739,0.257264,0.549988,Rendah,0.450012,Tinggi,0.215957,Tinggi,0.332985,Tinggi
64.02.19.2007,sumber sari,378,0.783069,0.767341,0.084656,0.680556,0.437963,0.598904,0.207275,0.64481,0.571429,0.822751,0.395503,0.545022,0.680556,0.469312,0.596561,0.426042,0.562173,Rendah,0.437827,Sedang,0.187052,Tinggi,0.31244,Tinggi
64.02.19.2008,sari nadi,491,0.786151,0.758205,0.101833,0.663442,0.411609,0.609375,0.150752,0.446062,0.699593,0.817719,0.372709,0.54873,0.663442,0.458605,0.630007,0.298407,0.550606,Rendah,0.449394,Tinggi,0.209362,Tinggi,0.329378,Tinggi
64.02.19.2009,suka bumi,390,0.833333,0.805995,0.102564,0.699359,0.415769,0.608048,0.089615,0.583496,0.746154,0.844872,0.484615,0.580631,0.699359,0.466111,0.69188,0.336556,0.585251,Rendah,0.414749,Sedang,0.160451,Sedang,0.2876,Sedang
64.02.19.2010,wonosari,118,0.822034,0.773123,0.050847,0.682203,0.402119,0.633943,0.054237,0.75226,0.563559,0.741525,0.372881,0.548668,0.682203,0.468997,0.559322,0.403249,0.553707,Rendah,0.446293,Tinggi,0.181512,Tinggi,0.313903,Tinggi
