nama_variabel,level_output,label_konsep,dimensi,simbol_dimensi,bobot_dimensi,sumber_nilai,aturan_skoring,catatan,tampil_pada_baris
indikator_A,"keluarga, desa",Kepemilikan HP rumah tangga,Akses perangkat,A_h,0.25,"hp_punya, hp_jumlah",0 = tidak memiliki HP; 1 = memiliki minimal satu HP,,kepala keluarga saja
indikator_B,"keluarga, desa",Kecukupan HP anggota usia 15 tahun ke atas,Akses perangkat,A_h,0.25,"usia, hp_punya, hp_jumlah",jumlah anggota keluarga usia >=15 yang memiliki HP / jumlah anggota keluarga usia >=15,,kepala keluarga saja
indikator_C,"keluarga, desa",Kepemilikan perangkat digital produktif,Akses perangkat,A_h,0.25,elektronik_rumah,0 = tidak memiliki laptop/notebook/komputer; 1 = memiliki minimal satu perangkat digital produktif,,kepala keluarga saja
indikator_D,"keluarga, desa",Akses internet rumah tangga,Konektivitas internet,K_h,0.25,"wifi, hp_provider, rp_komunikasi","0 = tidak ada akses; 0,5 = akses publik/gratis/terbatas; 0,75 = paket data seluler/provider HP; 1 = Wi-Fi/langganan internet rumah tangga",,kepala keluarga saja
indikator_E,"keluarga, desa",Pendidikan terakhir kepala keluarga,Kapasitas manusia,M_h,0.2,"status_dalam_keluarga, ijazah","Tidak punya ijazah = 0; TK/PAUD = 0,10; SD = 0,25; SMP = 0,50; SMA/SMK = 0,75; D1/D2/D3 = 0,85; D4/S1 = 0,95; S2/S3 = 1",,kepala keluarga saja
indikator_F,"keluarga, desa",Rasio partisipasi sekolah,Kapasitas manusia,M_h,0.2,"usia, partisipasi_sekolah",jumlah anggota usia 7-25 tahun yang sedang sekolah / jumlah anggota usia 7-25 tahun; jika tidak ada anggota pada rentang usia tersebut maka NA,Jika tidak ada anggota usia sekolah maka indikator bernilai NA dan tidak dimasukkan ke penyebut dimensi.,anggota usia 7-25 tahun saja
indikator_G,"keluarga, desa",Rasio keterlibatan organisasi keluarga,Lingkungan pendukung sosial,L_h,0.2,"usia, par_organisasi, organisasi_nama",jumlah anggota keluarga usia >=9 yang mengikuti organisasi / jumlah anggota keluarga usia >=9,,kepala keluarga saja
indikator_H,"keluarga, desa",Rasio partisipasi kegiatan masyarakat keluarga,Lingkungan pendukung sosial,L_h,0.1,"usia, par_masyarakat",jumlah anggota keluarga usia >=16 yang berpartisipasi dalam kegiatan masyarakat / jumlah anggota keluarga usia >=16,,kepala keluarga saja
indikator_K,"keluarga, desa",Penggunaan media sosial,Penggunaan digital,P_h,0.2,medsos,"0 = tidak menggunakan; 0,5 = penggunaan terbatas; 1 = aktif menggunakan media sosial",,kepala keluarga saja
indikator_L,"keluarga, desa",Akses media informasi,Penggunaan digital,P_h,0.2,media_informasi,"0 = tidak mengakses media informasi; 0,5 = hanya media non-digital; 1 = mengakses media digital/online",,kepala keluarga saja
indikator_M,"keluarga, desa",Partisipasi informasi/kebijakan,Penggunaan digital,P_h,0.2,par_kebijakan,"0 = tidak pernah terlibat; 0,5 = pernah/terbatas/satu orang; 1 = aktif atau lebih dari satu orang",,kepala keluarga saja
dimensi_A,"keluarga, desa",Akses perangkat,Akses perangkat,A_h,0.25,"rerata indikator_A, indikator_B, indikator_C","mean(indikator_A, indikator_B, indikator_C)",,kepala keluarga saja dalam data_keluarga
dimensi_B,"keluarga, desa",Konektivitas internet,Konektivitas internet,K_h,0.25,indikator_D,indikator_D,,kepala keluarga saja dalam data_keluarga
dimensi_C,"keluarga, desa",Kapasitas manusia,Kapasitas manusia,M_h,0.2,"rerata indikator_E, indikator_F","mean(indikator_E, indikator_F); indikator_F diabaikan dari penyebut jika NA",,kepala keluarga saja dalam data_keluarga
dimensi_D,"keluarga, desa",Penggunaan digital,Penggunaan digital,P_h,0.2,"rerata indikator_K, indikator_L, indikator_M","mean(indikator_K, indikator_L, indikator_M)",,kepala keluarga saja dalam data_keluarga
dimensi_E,"keluarga, desa",Lingkungan pendukung sosial,Lingkungan pendukung sosial,L_h,0.1,rerata indikator_G dan indikator_H,"mean(indikator_G, indikator_H)",,kepala keluarga saja dalam data_keluarga
iid_rumah_tangga,keluarga,Indeks Inklusi Digital rumah tangga,gabungan seluruh dimensi,IID-RT,,gabungan dimensi_A sampai dimensi_E,"0,25*dimensi_A + 0,25*dimensi_B + 0,20*dimensi_C + 0,20*dimensi_D + 0,10*dimensi_E","Skor akhir dibentuk dari rerata indikator valid pada setiap dimensi, lalu lima dimensi dibobotkan 0,25; 0,25; 0,20; 0,20; 0,10.",kepala keluarga saja dalam data_keluarga
kategori_iid_rt,keluarga,Kategori IID-RT,klasifikasi rumah tangga,Kategori IID-RT,,turunan dari iid_rumah_tangga,"sangat rendah 0,00-0,20; rendah >0,20-0,40; sedang >0,40-0,60; tinggi >0,60-0,80; sangat tinggi >0,80-1,00",,kepala keluarga saja dalam data_keluarga
iid_desa,desa,Indeks Inklusi Digital desa,agregasi rumah tangga,IID-Desa,,agregasi seluruh KK valid di desa,rerata iid_rumah_tangga pada setiap desa,,agregat desa
ikd_desa,desa,Indeks deprivasi/kesenjangan digital desa,agregasi rumah tangga,IKD-Desa,,turunan dari iid_desa,"1 - iid_desa; bukan Indeks Kesejahteraan Desa, melainkan komplemen untuk membaca deprivasi digital",,agregat desa
interpretasi_iid_desa,desa,Interpretasi absolut IID-Desa,klasifikasi desa,Kategori IID-Desa,,turunan dari iid_desa,"Rendah <0,60; Sedang >=0,60-<0,70; Tinggi >=0,70-<0,80; Sangat Tinggi >=0,80",,agregat desa
interpretasi_ikd_desa,desa,Interpretasi tertil IKD-Desa,klasifikasi deprivasi digital desa,Kategori IKD-Desa,,turunan dari ikd_desa,"klasifikasi relatif berbasis tertil atas sebaran IKD-Desa dalam sampel; sepertiga desa dengan IKD terendah = Rendah, sepertiga berikutnya = Sedang, dan sepertiga dengan IKD tertinggi = Tinggi",,agregat desa
gini_iid_rumah_tangga,desa,Ketimpangan internal skor rumah tangga dalam desa,agregasi rumah tangga,Gini IID-RT,,distribusi iid_rumah_tangga dalam setiap desa,koefisien Gini atas iid_rumah_tangga pada setiap desa,,agregat desa
interpretasi_gini,desa,Kategori absolut Gini IID-RT,klasifikasi absolut ketimpangan desa,Kategori absolut Gini,,turunan dari gini_iid_rumah_tangga,"klasifikasi absolut koefisien Gini: Rendah <0,40; Sedang 0,40-0,50; Tinggi >0,50",,agregat desa
dds_desa,desa,Digital Deprivation and Within-Village Inequality,gabungan deprivasi digital dan ketimpangan internal,DDS,50% IKD-Desa; 50% Gini IID-RT,turunan dari iid_desa dan gini_iid_rumah_tangga,"((1 - iid_desa) + gini_iid_rumah_tangga) / 2; pembagi 2 digunakan karena dua komponen digabungkan dengan bobot sama, yaitu 50% rendahnya inklusi digital dan 50% ketimpangan digital internal desa",,agregat desa
interpretasi_dds_desa,desa,Interpretasi tertil DDS,klasifikasi prioritas deprivasi dan ketimpangan,Kategori DDS,,turunan dari dds_desa,"klasifikasi relatif berbasis tertil atas sebaran dds_desa dalam sampel; sepertiga desa dengan DDS terendah = Rendah, sepertiga berikutnya = Sedang, dan sepertiga dengan DDS tertinggi = Tinggi",,agregat desa
