kode_deskel,deskel,kategori_iid_rt,rentang_iid_rt,jumlah_kk,persentase_kk,total_kk_desa
64.02.02.2001,jonggon desa,sangat rendah,"0,00-0,20",77,0.084153,915
64.02.02.2001,jonggon desa,rendah,">0,20-0,40",71,0.077596,915
64.02.02.2001,jonggon desa,sedang,">0,40-0,60",381,0.416393,915
64.02.02.2001,jonggon desa,tinggi,">0,60-0,80",367,0.401093,915
64.02.02.2001,jonggon desa,sangat tinggi,">0,80-1,00",19,0.020765,915
64.02.02.2002,sungai payang,sangat rendah,"0,00-0,20",70,0.104167,672
64.02.02.2002,sungai payang,rendah,">0,20-0,40",54,0.080357,672
64.02.02.2002,sungai payang,sedang,">0,40-0,60",201,0.299107,672
64.02.02.2002,sungai payang,tinggi,">0,60-0,80",314,0.467262,672
64.02.02.2002,sungai payang,sangat tinggi,">0,80-1,00",33,0.049107,672
64.02.02.2003,jembayan,sangat rendah,"0,00-0,20",104,0.076527,1359
64.02.02.2003,jembayan,rendah,">0,20-0,40",89,0.065489,1359
64.02.02.2003,jembayan,sedang,">0,40-0,60",448,0.329654,1359
64.02.02.2003,jembayan,tinggi,">0,60-0,80",629,0.46284,1359
64.02.02.2003,jembayan,sangat tinggi,">0,80-1,00",89,0.065489,1359
64.02.02.2004,loa kulu kota,sangat rendah,"0,00-0,20",75,0.04223,1776
64.02.02.2004,loa kulu kota,rendah,">0,20-0,40",60,0.033784,1776
64.02.02.2004,loa kulu kota,sedang,">0,40-0,60",394,0.221847,1776
64.02.02.2004,loa kulu kota,tinggi,">0,60-0,80",972,0.547297,1776
64.02.02.2004,loa kulu kota,sangat tinggi,">0,80-1,00",275,0.154842,1776
64.02.02.2005,loh sumber,sangat rendah,"0,00-0,20",84,0.076782,1094
64.02.02.2005,loh sumber,rendah,">0,20-0,40",52,0.047532,1094
64.02.02.2005,loh sumber,sedang,">0,40-0,60",244,0.223035,1094
64.02.02.2005,loh sumber,tinggi,">0,60-0,80",582,0.531993,1094
64.02.02.2005,loh sumber,sangat tinggi,">0,80-1,00",132,0.120658,1094
64.02.02.2006,ponoragan,sangat rendah,"0,00-0,20",58,0.073885,785
64.02.02.2006,ponoragan,rendah,">0,20-0,40",32,0.040764,785
64.02.02.2006,ponoragan,sedang,">0,40-0,60",216,0.275159,785
64.02.02.2006,ponoragan,tinggi,">0,60-0,80",401,0.510828,785
64.02.02.2006,ponoragan,sangat tinggi,">0,80-1,00",78,0.099363,785
64.02.02.2007,rempanga,sangat rendah,"0,00-0,20",30,0.035211,852
64.02.02.2007,rempanga,rendah,">0,20-0,40",40,0.046948,852
64.02.02.2007,rempanga,sedang,">0,40-0,60",373,0.437793,852
64.02.02.2007,rempanga,tinggi,">0,60-0,80",341,0.400235,852
64.02.02.2007,rempanga,sangat tinggi,">0,80-1,00",68,0.079812,852
64.02.02.2008,margahayu,sangat rendah,"0,00-0,20",111,0.100362,1106
64.02.02.2008,margahayu,rendah,">0,20-0,40",88,0.079566,1106
64.02.02.2008,margahayu,sedang,">0,40-0,60",370,0.334539,1106
64.02.02.2008,margahayu,tinggi,">0,60-0,80",461,0.416817,1106
64.02.02.2008,margahayu,sangat tinggi,">0,80-1,00",76,0.068716,1106
64.02.02.2009,jonggon jaya,sangat rendah,"0,00-0,20",78,0.097136,803
64.02.02.2009,jonggon jaya,rendah,">0,20-0,40",76,0.094645,803
64.02.02.2009,jonggon jaya,sedang,">0,40-0,60",266,0.331258,803
64.02.02.2009,jonggon jaya,tinggi,">0,60-0,80",359,0.447073,803
64.02.02.2009,jonggon jaya,sangat tinggi,">0,80-1,00",24,0.029888,803
64.02.02.2010,lung anai,sangat rendah,"0,00-0,20",6,0.041379,145
64.02.02.2010,lung anai,rendah,">0,20-0,40",10,0.068966,145
64.02.02.2010,lung anai,sedang,">0,40-0,60",32,0.22069,145
64.02.02.2010,lung anai,tinggi,">0,60-0,80",82,0.565517,145
64.02.02.2010,lung anai,sangat tinggi,">0,80-1,00",15,0.103448,145
64.02.02.2011,jembayan tengah,sangat rendah,"0,00-0,20",42,0.080306,523
64.02.02.2011,jembayan tengah,rendah,">0,20-0,40",23,0.043977,523
64.02.02.2011,jembayan tengah,sedang,">0,40-0,60",185,0.353728,523
64.02.02.2011,jembayan tengah,tinggi,">0,60-0,80",248,0.474187,523
64.02.02.2011,jembayan tengah,sangat tinggi,">0,80-1,00",25,0.047801,523
64.02.02.2012,jembayan dalam,sangat rendah,"0,00-0,20",56,0.12528,447
64.02.02.2012,jembayan dalam,rendah,">0,20-0,40",36,0.080537,447
64.02.02.2012,jembayan dalam,sedang,">0,40-0,60",118,0.263982,447
64.02.02.2012,jembayan dalam,tinggi,">0,60-0,80",212,0.474273,447
64.02.02.2012,jembayan dalam,sangat tinggi,">0,80-1,00",25,0.055928,447
64.02.02.2013,sepakat,sangat rendah,"0,00-0,20",30,0.0491,611
64.02.02.2013,sepakat,rendah,">0,20-0,40",58,0.094926,611
64.02.02.2013,sepakat,sedang,">0,40-0,60",119,0.194763,611
64.02.02.2013,sepakat,tinggi,">0,60-0,80",308,0.504092,611
64.02.02.2013,sepakat,sangat tinggi,">0,80-1,00",96,0.157119,611
64.02.02.2014,sumber sari,sangat rendah,"0,00-0,20",96,0.092664,1036
64.02.02.2014,sumber sari,rendah,">0,20-0,40",75,0.072394,1036
64.02.02.2014,sumber sari,sedang,">0,40-0,60",386,0.372587,1036
64.02.02.2014,sumber sari,tinggi,">0,60-0,80",413,0.398649,1036
64.02.02.2014,sumber sari,sangat tinggi,">0,80-1,00",66,0.063707,1036
64.02.02.2015,jongkang,sangat rendah,"0,00-0,20",21,0.048611,432
64.02.02.2015,jongkang,rendah,">0,20-0,40",21,0.048611,432
64.02.02.2015,jongkang,sedang,">0,40-0,60",114,0.263889,432
64.02.02.2015,jongkang,tinggi,">0,60-0,80",240,0.555556,432
64.02.02.2015,jongkang,sangat tinggi,">0,80-1,00",36,0.083333,432
64.02.02.2016,jembayan ilir,sangat rendah,"0,00-0,20",59,0.050687,1164
64.02.02.2016,jembayan ilir,rendah,">0,20-0,40",80,0.068729,1164
64.02.02.2016,jembayan ilir,sedang,">0,40-0,60",387,0.332474,1164
64.02.02.2016,jembayan ilir,tinggi,">0,60-0,80",564,0.484536,1164
64.02.02.2016,jembayan ilir,sangat tinggi,">0,80-1,00",74,0.063574,1164
64.02.03.2001,bakungan,sangat rendah,"0,00-0,20",113,0.049453,2285
64.02.03.2001,bakungan,rendah,">0,20-0,40",134,0.058643,2285
64.02.03.2001,bakungan,sedang,">0,40-0,60",735,0.321663,2285
64.02.03.2001,bakungan,tinggi,">0,60-0,80",1161,0.508096,2285
64.02.03.2001,bakungan,sangat tinggi,">0,80-1,00",142,0.062144,2285
64.02.03.2002,loa duri ulu,sangat rendah,"0,00-0,20",81,0.038244,2118
64.02.03.2002,loa duri ulu,rendah,">0,20-0,40",105,0.049575,2118
64.02.03.2002,loa duri ulu,sedang,">0,40-0,60",741,0.349858,2118
64.02.03.2002,loa duri ulu,tinggi,">0,60-0,80",1080,0.509915,2118
64.02.03.2002,loa duri ulu,sangat tinggi,">0,80-1,00",111,0.052408,2118
64.02.03.2003,loa janan ulu,sangat rendah,"0,00-0,20",160,0.042838,3735
64.02.03.2003,loa janan ulu,rendah,">0,20-0,40",152,0.040696,3735
64.02.03.2003,loa janan ulu,sedang,">0,40-0,60",1141,0.305489,3735
64.02.03.2003,loa janan ulu,tinggi,">0,60-0,80",1932,0.517269,3735
64.02.03.2003,loa janan ulu,sangat tinggi,">0,80-1,00",349,0.09344,3735
64.02.03.2004,purwajaya,sangat rendah,"0,00-0,20",88,0.052319,1682
64.02.03.2004,purwajaya,rendah,">0,20-0,40",55,0.032699,1682
64.02.03.2004,purwajaya,sedang,">0,40-0,60",388,0.230678,1682
64.02.03.2004,purwajaya,tinggi,">0,60-0,80",959,0.570155,1682
64.02.03.2004,purwajaya,sangat tinggi,">0,80-1,00",192,0.11415,1682
64.02.03.2005,tani bakti,sangat rendah,"0,00-0,20",63,0.071836,877
64.02.03.2005,tani bakti,rendah,">0,20-0,40",32,0.036488,877
64.02.03.2005,tani bakti,sedang,">0,40-0,60",233,0.265678,877
64.02.03.2005,tani bakti,tinggi,">0,60-0,80",480,0.54732,877
64.02.03.2005,tani bakti,sangat tinggi,">0,80-1,00",69,0.078677,877
64.02.03.2006,batuah,sangat rendah,"0,00-0,20",190,0.070266,2704
64.02.03.2006,batuah,rendah,">0,20-0,40",216,0.079882,2704
64.02.03.2006,batuah,sedang,">0,40-0,60",1065,0.393861,2704
64.02.03.2006,batuah,tinggi,">0,60-0,80",1123,0.415311,2704
64.02.03.2006,batuah,sangat tinggi,">0,80-1,00",110,0.04068,2704
64.02.03.2007,loa duri ilir,sangat rendah,"0,00-0,20",108,0.032977,3275
64.02.03.2007,loa duri ilir,rendah,">0,20-0,40",72,0.021985,3275
64.02.03.2007,loa duri ilir,sedang,">0,40-0,60",557,0.170076,3275
64.02.03.2007,loa duri ilir,tinggi,">0,60-0,80",1984,0.605802,3275
64.02.03.2007,loa duri ilir,sangat tinggi,">0,80-1,00",553,0.168855,3275
64.02.03.2008,tani harapan,sangat rendah,"0,00-0,20",42,0.05198,808
64.02.03.2008,tani harapan,rendah,">0,20-0,40",22,0.027228,808
64.02.03.2008,tani harapan,sedang,">0,40-0,60",224,0.277228,808
64.02.03.2008,tani harapan,tinggi,">0,60-0,80",458,0.566832,808
64.02.03.2008,tani harapan,sangat tinggi,">0,80-1,00",62,0.076733,808
64.02.04.2002,muara pantuan,sangat rendah,"0,00-0,20",38,0.059843,635
64.02.04.2002,muara pantuan,rendah,">0,20-0,40",71,0.111811,635
64.02.04.2002,muara pantuan,sedang,">0,40-0,60",301,0.474016,635
64.02.04.2002,muara pantuan,tinggi,">0,60-0,80",220,0.346457,635
64.02.04.2002,muara pantuan,sangat tinggi,">0,80-1,00",5,0.007874,635
64.02.04.2004,kutai lama,sangat rendah,"0,00-0,20",63,0.065557,961
64.02.04.2004,kutai lama,rendah,">0,20-0,40",74,0.077003,961
64.02.04.2004,kutai lama,sedang,">0,40-0,60",345,0.359001,961
64.02.04.2004,kutai lama,tinggi,">0,60-0,80",445,0.463059,961
64.02.04.2004,kutai lama,sangat tinggi,">0,80-1,00",34,0.03538,961
64.02.04.2005,anggana,sangat rendah,"0,00-0,20",57,0.052827,1079
64.02.04.2005,anggana,rendah,">0,20-0,40",28,0.02595,1079
64.02.04.2005,anggana,sedang,">0,40-0,60",312,0.289157,1079
64.02.04.2005,anggana,tinggi,">0,60-0,80",594,0.55051,1079
64.02.04.2005,anggana,sangat tinggi,">0,80-1,00",88,0.081557,1079
64.02.04.2007,sidomulyo,sangat rendah,"0,00-0,20",119,0.092034,1293
64.02.04.2007,sidomulyo,rendah,">0,20-0,40",60,0.046404,1293
64.02.04.2007,sidomulyo,sedang,">0,40-0,60",321,0.24826,1293
64.02.04.2007,sidomulyo,tinggi,">0,60-0,80",649,0.501933,1293
64.02.04.2007,sidomulyo,sangat tinggi,">0,80-1,00",144,0.111369,1293
64.02.04.2008,handil terusan,sangat rendah,"0,00-0,20",75,0.064433,1164
64.02.04.2008,handil terusan,rendah,">0,20-0,40",96,0.082474,1164
64.02.04.2008,handil terusan,sedang,">0,40-0,60",495,0.425258,1164
64.02.04.2008,handil terusan,tinggi,">0,60-0,80",471,0.404639,1164
64.02.04.2008,handil terusan,sangat tinggi,">0,80-1,00",27,0.023196,1164
64.02.06.1001,jahab,sangat rendah,"0,00-0,20",74,0.06177,1198
64.02.06.1001,jahab,rendah,">0,20-0,40",42,0.035058,1198
64.02.06.1001,jahab,sedang,">0,40-0,60",342,0.285476,1198
64.02.06.1001,jahab,tinggi,">0,60-0,80",589,0.491653,1198
64.02.06.1001,jahab,sangat tinggi,">0,80-1,00",151,0.126043,1198
64.02.06.1002,loa ipuh,sangat rendah,"0,00-0,20",203,0.046094,4404
64.02.06.1002,loa ipuh,rendah,">0,20-0,40",205,0.046549,4404
64.02.06.1002,loa ipuh,sedang,">0,40-0,60",1415,0.321299,4404
64.02.06.1002,loa ipuh,tinggi,">0,60-0,80",2084,0.473206,4404
64.02.06.1002,loa ipuh,sangat tinggi,">0,80-1,00",495,0.112398,4404
64.02.06.1003,bukit biru,sangat rendah,"0,00-0,20",117,0.084967,1377
64.02.06.1003,bukit biru,rendah,">0,20-0,40",78,0.056645,1377
64.02.06.1003,bukit biru,sedang,">0,40-0,60",363,0.263617,1377
64.02.06.1003,bukit biru,tinggi,">0,60-0,80",681,0.494553,1377
64.02.06.1003,bukit biru,sangat tinggi,">0,80-1,00",138,0.100218,1377
64.02.06.1004,timbau,sangat rendah,"0,00-0,20",74,0.022424,3300
64.02.06.1004,timbau,rendah,">0,20-0,40",136,0.041212,3300
64.02.06.1004,timbau,sedang,">0,40-0,60",785,0.237879,3300
64.02.06.1004,timbau,tinggi,">0,60-0,80",1664,0.504242,3300
64.02.06.1004,timbau,sangat tinggi,">0,80-1,00",640,0.193939,3300
64.02.06.1005,melayu,sangat rendah,"0,00-0,20",70,0.027397,2555
64.02.06.1005,melayu,rendah,">0,20-0,40",60,0.023483,2555
64.02.06.1005,melayu,sedang,">0,40-0,60",542,0.212133,2555
64.02.06.1005,melayu,tinggi,">0,60-0,80",1472,0.576125,2555
64.02.06.1005,melayu,sangat tinggi,">0,80-1,00",411,0.160861,2555
64.02.06.1006,panji,sangat rendah,"0,00-0,20",45,0.037037,1215
64.02.06.1006,panji,rendah,">0,20-0,40",29,0.023868,1215
64.02.06.1006,panji,sedang,">0,40-0,60",285,0.234568,1215
64.02.06.1006,panji,tinggi,">0,60-0,80",667,0.548971,1215
64.02.06.1006,panji,sangat tinggi,">0,80-1,00",189,0.155556,1215
64.02.06.1007,sukarame,sangat rendah,"0,00-0,20",9,0.009804,918
64.02.06.1007,sukarame,rendah,">0,20-0,40",25,0.027233,918
64.02.06.1007,sukarame,sedang,">0,40-0,60",145,0.157952,918
64.02.06.1007,sukarame,tinggi,">0,60-0,80",488,0.53159,918
64.02.06.1007,sukarame,sangat tinggi,">0,80-1,00",251,0.27342,918
64.02.06.1008,kampung baru,sangat rendah,"0,00-0,20",23,0.018806,1223
64.02.06.1008,kampung baru,rendah,">0,20-0,40",14,0.011447,1223
64.02.06.1008,kampung baru,sedang,">0,40-0,60",146,0.119379,1223
64.02.06.1008,kampung baru,tinggi,">0,60-0,80",652,0.533115,1223
64.02.06.1008,kampung baru,sangat tinggi,">0,80-1,00",388,0.317253,1223
64.02.06.1009,loa tebu,sangat rendah,"0,00-0,20",59,0.051127,1154
64.02.06.1009,loa tebu,rendah,">0,20-0,40",58,0.05026,1154
64.02.06.1009,loa tebu,sedang,">0,40-0,60",357,0.309359,1154
64.02.06.1009,loa tebu,tinggi,">0,60-0,80",584,0.506066,1154
64.02.06.1009,loa tebu,sangat tinggi,">0,80-1,00",96,0.083189,1154
64.02.06.1010,mangkurawang,sangat rendah,"0,00-0,20",0,0,450
64.02.06.1010,mangkurawang,rendah,">0,20-0,40",14,0.031111,450
64.02.06.1010,mangkurawang,sedang,">0,40-0,60",103,0.228889,450
64.02.06.1010,mangkurawang,tinggi,">0,60-0,80",263,0.584444,450
64.02.06.1010,mangkurawang,sangat tinggi,">0,80-1,00",70,0.155556,450
64.02.06.1011,maluhu,sangat rendah,"0,00-0,20",117,0.081933,1428
64.02.06.1011,maluhu,rendah,">0,20-0,40",83,0.058123,1428
64.02.06.1011,maluhu,sedang,">0,40-0,60",1099,0.769608,1428
64.02.06.1011,maluhu,tinggi,">0,60-0,80",129,0.090336,1428
64.02.06.1011,maluhu,sangat tinggi,">0,80-1,00",0,0,1428
64.02.06.1013,loa ipuh darat,sangat rendah,"0,00-0,20",19,0.017367,1094
64.02.06.1013,loa ipuh darat,rendah,">0,20-0,40",94,0.085923,1094
64.02.06.1013,loa ipuh darat,sedang,">0,40-0,60",428,0.391225,1094
64.02.06.1013,loa ipuh darat,tinggi,">0,60-0,80",524,0.478976,1094
64.02.06.1013,loa ipuh darat,sangat tinggi,">0,80-1,00",29,0.026508,1094
64.02.06.2012,rapak lambur,sangat rendah,"0,00-0,20",54,0.099265,544
64.02.06.2012,rapak lambur,rendah,">0,20-0,40",54,0.099265,544
64.02.06.2012,rapak lambur,sedang,">0,40-0,60",140,0.257353,544
64.02.06.2012,rapak lambur,tinggi,">0,60-0,80",269,0.494485,544
64.02.06.2012,rapak lambur,sangat tinggi,">0,80-1,00",27,0.049632,544
64.02.06.2014,bendang raya,sangat rendah,"0,00-0,20",22,0.065089,338
64.02.06.2014,bendang raya,rendah,">0,20-0,40",17,0.050296,338
64.02.06.2014,bendang raya,sedang,">0,40-0,60",144,0.426036,338
64.02.06.2014,bendang raya,tinggi,">0,60-0,80",149,0.440828,338
64.02.06.2014,bendang raya,sangat tinggi,">0,80-1,00",6,0.017751,338
64.02.07.2001,selerong,sangat rendah,"0,00-0,20",38,0.086957,437
64.02.07.2001,selerong,rendah,">0,20-0,40",18,0.04119,437
64.02.07.2001,selerong,sedang,">0,40-0,60",118,0.270023,437
64.02.07.2001,selerong,tinggi,">0,60-0,80",232,0.530892,437
64.02.07.2001,selerong,sangat tinggi,">0,80-1,00",31,0.070938,437
64.02.07.2002,tanjung harapan,sangat rendah,"0,00-0,20",28,0.076923,364
64.02.07.2002,tanjung harapan,rendah,">0,20-0,40",20,0.054945,364
64.02.07.2002,tanjung harapan,sedang,">0,40-0,60",116,0.318681,364
64.02.07.2002,tanjung harapan,tinggi,">0,60-0,80",181,0.497253,364
64.02.07.2002,tanjung harapan,sangat tinggi,">0,80-1,00",19,0.052198,364
64.02.07.2003,beloro,sangat rendah,"0,00-0,20",44,0.064327,684
64.02.07.2003,beloro,rendah,">0,20-0,40",46,0.067251,684
64.02.07.2003,beloro,sedang,">0,40-0,60",262,0.383041,684
64.02.07.2003,beloro,tinggi,">0,60-0,80",294,0.429825,684
64.02.07.2003,beloro,sangat tinggi,">0,80-1,00",38,0.055556,684
64.02.07.2004,sebulu ulu,sangat rendah,"0,00-0,20",58,0.047974,1209
64.02.07.2004,sebulu ulu,rendah,">0,20-0,40",110,0.090984,1209
64.02.07.2004,sebulu ulu,sedang,">0,40-0,60",448,0.370554,1209
64.02.07.2004,sebulu ulu,tinggi,">0,60-0,80",532,0.440033,1209
64.02.07.2004,sebulu ulu,sangat tinggi,">0,80-1,00",61,0.050455,1209
64.02.07.2005,sebulu ilir,sangat rendah,"0,00-0,20",45,0.065407,688
64.02.07.2005,sebulu ilir,rendah,">0,20-0,40",45,0.065407,688
64.02.07.2005,sebulu ilir,sedang,">0,40-0,60",224,0.325581,688
64.02.07.2005,sebulu ilir,tinggi,">0,60-0,80",319,0.463663,688
64.02.07.2005,sebulu ilir,sangat tinggi,">0,80-1,00",55,0.079942,688
64.02.07.2006,segihan,sangat rendah,"0,00-0,20",51,0.082391,619
64.02.07.2006,segihan,rendah,">0,20-0,40",21,0.033926,619
64.02.07.2006,segihan,sedang,">0,40-0,60",208,0.336026,619
64.02.07.2006,segihan,tinggi,">0,60-0,80",297,0.479806,619
64.02.07.2006,segihan,sangat tinggi,">0,80-1,00",42,0.067851,619
64.02.07.2007,sumber sari,sangat rendah,"0,00-0,20",149,0.082824,1799
64.02.07.2007,sumber sari,rendah,">0,20-0,40",75,0.04169,1799
64.02.07.2007,sumber sari,sedang,">0,40-0,60",471,0.261812,1799
64.02.07.2007,sumber sari,tinggi,">0,60-0,80",984,0.546971,1799
64.02.07.2007,sumber sari,sangat tinggi,">0,80-1,00",120,0.066704,1799
64.02.07.2008,manunggal daya,sangat rendah,"0,00-0,20",134,0.104199,1286
64.02.07.2008,manunggal daya,rendah,">0,20-0,40",68,0.052877,1286
64.02.07.2008,manunggal daya,sedang,">0,40-0,60",385,0.299378,1286
64.02.07.2008,manunggal daya,tinggi,">0,60-0,80",633,0.492224,1286
64.02.07.2008,manunggal daya,sangat tinggi,">0,80-1,00",66,0.051322,1286
64.02.07.2009,giri agung,sangat rendah,"0,00-0,20",123,0.15871,775
64.02.07.2009,giri agung,rendah,">0,20-0,40",26,0.033548,775
64.02.07.2009,giri agung,sedang,">0,40-0,60",161,0.207742,775
64.02.07.2009,giri agung,tinggi,">0,60-0,80",387,0.499355,775
64.02.07.2009,giri agung,sangat tinggi,">0,80-1,00",78,0.100645,775
64.02.07.2010,senoni,sangat rendah,"0,00-0,20",40,0.086957,460
64.02.07.2010,senoni,rendah,">0,20-0,40",39,0.084783,460
64.02.07.2010,senoni,sedang,">0,40-0,60",152,0.330435,460
64.02.07.2010,senoni,tinggi,">0,60-0,80",199,0.432609,460
64.02.07.2010,senoni,sangat tinggi,">0,80-1,00",30,0.065217,460
64.02.07.2011,sebulu modern,sangat rendah,"0,00-0,20",98,0.08642,1134
64.02.07.2011,sebulu modern,rendah,">0,20-0,40",122,0.107584,1134
64.02.07.2011,sebulu modern,sedang,">0,40-0,60",562,0.495591,1134
64.02.07.2011,sebulu modern,tinggi,">0,60-0,80",324,0.285714,1134
64.02.07.2011,sebulu modern,sangat tinggi,">0,80-1,00",27,0.02381,1134
64.02.07.2012,sanggulan,sangat rendah,"0,00-0,20",25,0.037994,658
64.02.07.2012,sanggulan,rendah,">0,20-0,40",33,0.050152,658
64.02.07.2012,sanggulan,sedang,">0,40-0,60",218,0.331307,658
64.02.07.2012,sanggulan,tinggi,">0,60-0,80",358,0.544073,658
64.02.07.2012,sanggulan,sangat tinggi,">0,80-1,00",24,0.036474,658
64.02.07.2013,lekaq kidau,sangat rendah,"0,00-0,20",6,0.058824,102
64.02.07.2013,lekaq kidau,rendah,">0,20-0,40",10,0.098039,102
64.02.07.2013,lekaq kidau,sedang,">0,40-0,60",33,0.323529,102
64.02.07.2013,lekaq kidau,tinggi,">0,60-0,80",37,0.362745,102
64.02.07.2013,lekaq kidau,sangat tinggi,">0,80-1,00",16,0.156863,102
64.02.07.2014,mekar jaya,sangat rendah,"0,00-0,20",44,0.053856,817
64.02.07.2014,mekar jaya,rendah,">0,20-0,40",39,0.047736,817
64.02.07.2014,mekar jaya,sedang,">0,40-0,60",338,0.413709,817
64.02.07.2014,mekar jaya,tinggi,">0,60-0,80",354,0.433293,817
64.02.07.2014,mekar jaya,sangat tinggi,">0,80-1,00",42,0.051408,817
64.02.08.2004,loleng,sangat rendah,"0,00-0,20",35,0.05132,682
64.02.08.2004,loleng,rendah,">0,20-0,40",30,0.043988,682
64.02.08.2004,loleng,sedang,">0,40-0,60",263,0.38563,682
64.02.08.2004,loleng,tinggi,">0,60-0,80",323,0.473607,682
64.02.08.2004,loleng,sangat tinggi,">0,80-1,00",31,0.045455,682
64.02.08.2005,kota bangun ulu,sangat rendah,"0,00-0,20",43,0.031341,1372
64.02.08.2005,kota bangun ulu,rendah,">0,20-0,40",38,0.027697,1372
64.02.08.2005,kota bangun ulu,sedang,">0,40-0,60",325,0.23688,1372
64.02.08.2005,kota bangun ulu,tinggi,">0,60-0,80",746,0.543732,1372
64.02.08.2005,kota bangun ulu,sangat tinggi,">0,80-1,00",220,0.16035,1372
64.02.08.2006,kota bangun ilir,sangat rendah,"0,00-0,20",44,0.051948,847
64.02.08.2006,kota bangun ilir,rendah,">0,20-0,40",45,0.053129,847
64.02.08.2006,kota bangun ilir,sedang,">0,40-0,60",209,0.246753,847
64.02.08.2006,kota bangun ilir,tinggi,">0,60-0,80",450,0.531287,847
64.02.08.2006,kota bangun ilir,sangat tinggi,">0,80-1,00",99,0.116883,847
64.02.08.2007,liang,sangat rendah,"0,00-0,20",48,0.062016,774
64.02.08.2007,liang,rendah,">0,20-0,40",34,0.043928,774
64.02.08.2007,liang,sedang,">0,40-0,60",191,0.24677,774
64.02.08.2007,liang,tinggi,">0,60-0,80",426,0.550388,774
64.02.08.2007,liang,sangat tinggi,">0,80-1,00",75,0.096899,774
64.02.08.2008,muhuran,sangat rendah,"0,00-0,20",19,0.101064,188
64.02.08.2008,muhuran,rendah,">0,20-0,40",9,0.047872,188
64.02.08.2008,muhuran,sedang,">0,40-0,60",70,0.37234,188
64.02.08.2008,muhuran,tinggi,">0,60-0,80",85,0.452128,188
64.02.08.2008,muhuran,sangat tinggi,">0,80-1,00",5,0.026596,188
64.02.08.2009,pela,sangat rendah,"0,00-0,20",6,0.040541,148
64.02.08.2009,pela,rendah,">0,20-0,40",12,0.081081,148
64.02.08.2009,pela,sedang,">0,40-0,60",64,0.432432,148
64.02.08.2009,pela,tinggi,">0,60-0,80",64,0.432432,148
64.02.08.2009,pela,sangat tinggi,">0,80-1,00",2,0.013514,148
64.02.08.2017,kedang murung,sangat rendah,"0,00-0,20",38,0.058104,654
64.02.08.2017,kedang murung,rendah,">0,20-0,40",25,0.038226,654
64.02.08.2017,kedang murung,sedang,">0,40-0,60",198,0.302752,654
64.02.08.2017,kedang murung,tinggi,">0,60-0,80",367,0.561162,654
64.02.08.2017,kedang murung,sangat tinggi,">0,80-1,00",26,0.039755,654
64.02.08.2018,kota bangun seberang,sangat rendah,"0,00-0,20",46,0.075041,613
64.02.08.2018,kota bangun seberang,rendah,">0,20-0,40",49,0.079935,613
64.02.08.2018,kota bangun seberang,sedang,">0,40-0,60",220,0.358891,613
64.02.08.2018,kota bangun seberang,tinggi,">0,60-0,80",276,0.450245,613
64.02.08.2018,kota bangun seberang,sangat tinggi,">0,80-1,00",22,0.035889,613
64.02.08.2019,liang ulu,sangat rendah,"0,00-0,20",35,0.056361,621
64.02.08.2019,liang ulu,rendah,">0,20-0,40",22,0.035427,621
64.02.08.2019,liang ulu,sedang,">0,40-0,60",139,0.223833,621
64.02.08.2019,liang ulu,tinggi,">0,60-0,80",355,0.571659,621
64.02.08.2019,liang ulu,sangat tinggi,">0,80-1,00",70,0.112721,621
64.02.08.2020,sebelimbingan,sangat rendah,"0,00-0,20",15,0.084746,177
64.02.08.2020,sebelimbingan,rendah,">0,20-0,40",7,0.039548,177
64.02.08.2020,sebelimbingan,sedang,">0,40-0,60",46,0.259887,177
64.02.08.2020,sebelimbingan,tinggi,">0,60-0,80",89,0.502825,177
64.02.08.2020,sebelimbingan,sangat tinggi,">0,80-1,00",20,0.112994,177
64.02.08.2021,sangkuliman,sangat rendah,"0,00-0,20",15,0.069444,216
64.02.08.2021,sangkuliman,rendah,">0,20-0,40",12,0.055556,216
64.02.08.2021,sangkuliman,sedang,">0,40-0,60",70,0.324074,216
64.02.08.2021,sangkuliman,tinggi,">0,60-0,80",107,0.49537,216
64.02.08.2021,sangkuliman,sangat tinggi,">0,80-1,00",12,0.055556,216
64.02.11.2001,muara kaman ilir,sangat rendah,"0,00-0,20",38,0.054208,701
64.02.11.2001,muara kaman ilir,rendah,">0,20-0,40",53,0.075606,701
64.02.11.2001,muara kaman ilir,sedang,">0,40-0,60",294,0.419401,701
64.02.11.2001,muara kaman ilir,tinggi,">0,60-0,80",292,0.416548,701
64.02.11.2001,muara kaman ilir,sangat tinggi,">0,80-1,00",24,0.034237,701
64.02.11.2002,rantau hempang,sangat rendah,"0,00-0,20",51,0.128463,397
64.02.11.2002,rantau hempang,rendah,">0,20-0,40",28,0.070529,397
64.02.11.2002,rantau hempang,sedang,">0,40-0,60",149,0.375315,397
64.02.11.2002,rantau hempang,tinggi,">0,60-0,80",159,0.400504,397
64.02.11.2002,rantau hempang,sangat tinggi,">0,80-1,00",10,0.025189,397
64.02.11.2003,teratak,sangat rendah,"0,00-0,20",52,0.108559,479
64.02.11.2003,teratak,rendah,">0,20-0,40",44,0.091858,479
64.02.11.2003,teratak,sedang,">0,40-0,60",161,0.336117,479
64.02.11.2003,teratak,tinggi,">0,60-0,80",209,0.436326,479
64.02.11.2003,teratak,sangat tinggi,">0,80-1,00",13,0.02714,479
64.02.11.2004,benua puhun,sangat rendah,"0,00-0,20",49,0.059611,822
64.02.11.2004,benua puhun,rendah,">0,20-0,40",22,0.026764,822
64.02.11.2004,benua puhun,sedang,">0,40-0,60",166,0.201946,822
64.02.11.2004,benua puhun,tinggi,">0,60-0,80",525,0.638686,822
64.02.11.2004,benua puhun,sangat tinggi,">0,80-1,00",60,0.072993,822
64.02.11.2005,muara kaman ulu,sangat rendah,"0,00-0,20",42,0.043796,959
64.02.11.2005,muara kaman ulu,rendah,">0,20-0,40",63,0.065693,959
64.02.11.2005,muara kaman ulu,sedang,">0,40-0,60",434,0.452555,959
64.02.11.2005,muara kaman ulu,tinggi,">0,60-0,80",376,0.392075,959
64.02.11.2005,muara kaman ulu,sangat tinggi,">0,80-1,00",44,0.045881,959
64.02.11.2006,sabintulung,sangat rendah,"0,00-0,20",64,0.074679,857
64.02.11.2006,sabintulung,rendah,">0,20-0,40",69,0.080513,857
64.02.11.2006,sabintulung,sedang,">0,40-0,60",357,0.416569,857
64.02.11.2006,sabintulung,tinggi,">0,60-0,80",344,0.4014,857
64.02.11.2006,sabintulung,sangat tinggi,">0,80-1,00",23,0.026838,857
64.02.11.2007,muara siran,sangat rendah,"0,00-0,20",45,0.110837,406
64.02.11.2007,muara siran,rendah,">0,20-0,40",40,0.098522,406
64.02.11.2007,muara siran,sedang,">0,40-0,60",141,0.347291,406
64.02.11.2007,muara siran,tinggi,">0,60-0,80",157,0.3867,406
64.02.11.2007,muara siran,sangat tinggi,">0,80-1,00",23,0.05665,406
64.02.11.2008,tunjungan,sangat rendah,"0,00-0,20",26,0.086093,302
64.02.11.2008,tunjungan,rendah,">0,20-0,40",24,0.07947,302
64.02.11.2008,tunjungan,sedang,">0,40-0,60",153,0.506623,302
64.02.11.2008,tunjungan,tinggi,">0,60-0,80",95,0.31457,302
64.02.11.2008,tunjungan,sangat tinggi,">0,80-1,00",4,0.013245,302
64.02.11.2009,sedulang,sangat rendah,"0,00-0,20",31,0.072941,425
64.02.11.2009,sedulang,rendah,">0,20-0,40",29,0.068235,425
64.02.11.2009,sedulang,sedang,">0,40-0,60",161,0.378824,425
64.02.11.2009,sedulang,tinggi,">0,60-0,80",184,0.432941,425
64.02.11.2009,sedulang,sangat tinggi,">0,80-1,00",20,0.047059,425
64.02.11.2010,menamang kiri,sangat rendah,"0,00-0,20",26,0.08125,320
64.02.11.2010,menamang kiri,rendah,">0,20-0,40",25,0.078125,320
64.02.11.2010,menamang kiri,sedang,">0,40-0,60",144,0.45,320
64.02.11.2010,menamang kiri,tinggi,">0,60-0,80",116,0.3625,320
64.02.11.2010,menamang kiri,sangat tinggi,">0,80-1,00",9,0.028125,320
64.02.11.2011,menamang kanan,sangat rendah,"0,00-0,20",9,0.03,300
64.02.11.2011,menamang kanan,rendah,">0,20-0,40",10,0.033333,300
64.02.11.2011,menamang kanan,sedang,">0,40-0,60",102,0.34,300
64.02.11.2011,menamang kanan,tinggi,">0,60-0,80",164,0.546667,300
64.02.11.2011,menamang kanan,sangat tinggi,">0,80-1,00",15,0.05,300
64.02.11.2012,sido mukti,sangat rendah,"0,00-0,20",132,0.147651,894
64.02.11.2012,sido mukti,rendah,">0,20-0,40",67,0.074944,894
64.02.11.2012,sido mukti,sedang,">0,40-0,60",242,0.270694,894
64.02.11.2012,sido mukti,tinggi,">0,60-0,80",395,0.441834,894
64.02.11.2012,sido mukti,sangat tinggi,">0,80-1,00",58,0.064877,894
64.02.11.2013,panca jaya,sangat rendah,"0,00-0,20",108,0.115632,934
64.02.11.2013,panca jaya,rendah,">0,20-0,40",106,0.11349,934
64.02.11.2013,panca jaya,sedang,">0,40-0,60",335,0.358672,934
64.02.11.2013,panca jaya,tinggi,">0,60-0,80",351,0.375803,934
64.02.11.2013,panca jaya,sangat tinggi,">0,80-1,00",34,0.036403,934
64.02.11.2014,bunga jadi,sangat rendah,"0,00-0,20",77,0.074181,1038
64.02.11.2014,bunga jadi,rendah,">0,20-0,40",47,0.045279,1038
64.02.11.2014,bunga jadi,sedang,">0,40-0,60",285,0.274566,1038
64.02.11.2014,bunga jadi,tinggi,">0,60-0,80",550,0.529865,1038
64.02.11.2014,bunga jadi,sangat tinggi,">0,80-1,00",79,0.076108,1038
64.02.11.2015,kupang baru,sangat rendah,"0,00-0,20",22,0.120219,183
64.02.11.2015,kupang baru,rendah,">0,20-0,40",26,0.142077,183
64.02.11.2015,kupang baru,sedang,">0,40-0,60",53,0.289617,183
64.02.11.2015,kupang baru,tinggi,">0,60-0,80",76,0.415301,183
64.02.11.2015,kupang baru,sangat tinggi,">0,80-1,00",5,0.027322,183
64.02.11.2016,lebaho ulaq,sangat rendah,"0,00-0,20",5,0.01385,361
64.02.11.2016,lebaho ulaq,rendah,">0,20-0,40",18,0.049861,361
64.02.11.2016,lebaho ulaq,sedang,">0,40-0,60",143,0.396122,361
64.02.11.2016,lebaho ulaq,tinggi,">0,60-0,80",176,0.487535,361
64.02.11.2016,lebaho ulaq,sangat tinggi,">0,80-1,00",19,0.052632,361
64.02.11.2017,bukit jering,sangat rendah,"0,00-0,20",22,0.076125,289
64.02.11.2017,bukit jering,rendah,">0,20-0,40",15,0.051903,289
64.02.11.2017,bukit jering,sedang,">0,40-0,60",136,0.470588,289
64.02.11.2017,bukit jering,tinggi,">0,60-0,80",114,0.394464,289
64.02.11.2017,bukit jering,sangat tinggi,">0,80-1,00",2,0.00692,289
64.02.11.2018,liang buaya,sangat rendah,"0,00-0,20",40,0.149813,267
64.02.11.2018,liang buaya,rendah,">0,20-0,40",27,0.101124,267
64.02.11.2018,liang buaya,sedang,">0,40-0,60",79,0.29588,267
64.02.11.2018,liang buaya,tinggi,">0,60-0,80",106,0.397004,267
64.02.11.2018,liang buaya,sangat tinggi,">0,80-1,00",15,0.05618,267
64.02.11.2019,puan cepak,sangat rendah,"0,00-0,20",12,0.054054,222
64.02.11.2019,puan cepak,rendah,">0,20-0,40",18,0.081081,222
64.02.11.2019,puan cepak,sedang,">0,40-0,60",93,0.418919,222
64.02.11.2019,puan cepak,tinggi,">0,60-0,80",97,0.436937,222
64.02.11.2019,puan cepak,sangat tinggi,">0,80-1,00",2,0.009009,222
64.02.11.2020,cipari makmur,sangat rendah,"0,00-0,20",35,0.090674,386
64.02.11.2020,cipari makmur,rendah,">0,20-0,40",23,0.059585,386
64.02.11.2020,cipari makmur,sedang,">0,40-0,60",144,0.373057,386
64.02.11.2020,cipari makmur,tinggi,">0,60-0,80",170,0.440415,386
64.02.11.2020,cipari makmur,sangat tinggi,">0,80-1,00",14,0.036269,386
64.02.15.1001,jawa,sangat rendah,"0,00-0,20",85,0.076439,1112
64.02.15.1001,jawa,rendah,">0,20-0,40",31,0.027878,1112
64.02.15.1001,jawa,sedang,">0,40-0,60",294,0.264388,1112
64.02.15.1001,jawa,tinggi,">0,60-0,80",589,0.529676,1112
64.02.15.1001,jawa,sangat tinggi,">0,80-1,00",113,0.101619,1112
64.02.15.1002,pendingin,sangat rendah,"0,00-0,20",59,0.057337,1029
64.02.15.1002,pendingin,rendah,">0,20-0,40",60,0.058309,1029
64.02.15.1002,pendingin,sedang,">0,40-0,60",279,0.271137,1029
64.02.15.1002,pendingin,tinggi,">0,60-0,80",558,0.542274,1029
64.02.15.1002,pendingin,sangat tinggi,">0,80-1,00",73,0.070943,1029
64.02.15.1003,sanga-sanga dalam,sangat rendah,"0,00-0,20",91,0.049591,1835
64.02.15.1003,sanga-sanga dalam,rendah,">0,20-0,40",74,0.040327,1835
64.02.15.1003,sanga-sanga dalam,sedang,">0,40-0,60",526,0.286649,1835
64.02.15.1003,sanga-sanga dalam,tinggi,">0,60-0,80",921,0.501907,1835
64.02.15.1003,sanga-sanga dalam,sangat tinggi,">0,80-1,00",222,0.120981,1835
64.02.15.1004,sarijaya,sangat rendah,"0,00-0,20",42,0.093126,451
64.02.15.1004,sarijaya,rendah,">0,20-0,40",20,0.044346,451
64.02.15.1004,sarijaya,sedang,">0,40-0,60",91,0.201774,451
64.02.15.1004,sarijaya,tinggi,">0,60-0,80",246,0.545455,451
64.02.15.1004,sarijaya,sangat tinggi,">0,80-1,00",52,0.115299,451
64.02.15.1005,sanga-sanga muara,sangat rendah,"0,00-0,20",58,0.065315,888
64.02.15.1005,sanga-sanga muara,rendah,">0,20-0,40",38,0.042793,888
64.02.15.1005,sanga-sanga muara,sedang,">0,40-0,60",296,0.333333,888
64.02.15.1005,sanga-sanga muara,tinggi,">0,60-0,80",446,0.502252,888
64.02.15.1005,sanga-sanga muara,sangat tinggi,">0,80-1,00",49,0.05518,888
64.02.16.2013,teluk dalam,sangat rendah,"0,00-0,20",32,0.066253,483
64.02.16.2013,teluk dalam,rendah,">0,20-0,40",27,0.055901,483
64.02.16.2013,teluk dalam,sedang,">0,40-0,60",157,0.325052,483
64.02.16.2013,teluk dalam,tinggi,">0,60-0,80",217,0.449275,483
64.02.16.2013,teluk dalam,sangat tinggi,">0,80-1,00",50,0.10352,483
64.02.16.2014,loa lepu,sangat rendah,"0,00-0,20",9,0.018519,486
64.02.16.2014,loa lepu,rendah,">0,20-0,40",25,0.05144,486
64.02.16.2014,loa lepu,sedang,">0,40-0,60",119,0.244856,486
64.02.16.2014,loa lepu,tinggi,">0,60-0,80",269,0.553498,486
64.02.16.2014,loa lepu,sangat tinggi,">0,80-1,00",64,0.131687,486
64.02.19.2001,kedang ipil,sangat rendah,"0,00-0,20",46,0.111922,411
64.02.19.2001,kedang ipil,rendah,">0,20-0,40",33,0.080292,411
64.02.19.2001,kedang ipil,sedang,">0,40-0,60",136,0.3309,411
64.02.19.2001,kedang ipil,tinggi,">0,60-0,80",184,0.447689,411
64.02.19.2001,kedang ipil,sangat tinggi,">0,80-1,00",12,0.029197,411
64.02.19.2002,sedulang,sangat rendah,"0,00-0,20",12,0.130435,92
64.02.19.2002,sedulang,rendah,">0,20-0,40",4,0.043478,92
64.02.19.2002,sedulang,sedang,">0,40-0,60",15,0.163043,92
64.02.19.2002,sedulang,tinggi,">0,60-0,80",52,0.565217,92
64.02.19.2002,sedulang,sangat tinggi,">0,80-1,00",9,0.097826,92
64.02.19.2003,benua baru,sangat rendah,"0,00-0,20",8,0.073394,109
64.02.19.2003,benua baru,rendah,">0,20-0,40",4,0.036697,109
64.02.19.2003,benua baru,sedang,">0,40-0,60",16,0.146789,109
64.02.19.2003,benua baru,tinggi,">0,60-0,80",68,0.623853,109
64.02.19.2003,benua baru,sangat tinggi,">0,80-1,00",13,0.119266,109
64.02.19.2004,kota bangun i,sangat rendah,"0,00-0,20",55,0.149051,369
64.02.19.2004,kota bangun i,rendah,">0,20-0,40",26,0.070461,369
64.02.19.2004,kota bangun i,sedang,">0,40-0,60",106,0.287263,369
64.02.19.2004,kota bangun i,tinggi,">0,60-0,80",162,0.439024,369
64.02.19.2004,kota bangun i,sangat tinggi,">0,80-1,00",20,0.054201,369
64.02.19.2005,kota bangun ii,sangat rendah,"0,00-0,20",77,0.09589,803
64.02.19.2005,kota bangun ii,rendah,">0,20-0,40",51,0.063512,803
64.02.19.2005,kota bangun ii,sedang,">0,40-0,60",354,0.440847,803
64.02.19.2005,kota bangun ii,tinggi,">0,60-0,80",288,0.358655,803
64.02.19.2005,kota bangun ii,sangat tinggi,">0,80-1,00",33,0.041096,803
64.02.19.2006,kota bangun iii,sangat rendah,"0,00-0,20",95,0.111111,855
64.02.19.2006,kota bangun iii,rendah,">0,20-0,40",72,0.084211,855
64.02.19.2006,kota bangun iii,sedang,">0,40-0,60",253,0.295906,855
64.02.19.2006,kota bangun iii,tinggi,">0,60-0,80",362,0.423392,855
64.02.19.2006,kota bangun iii,sangat tinggi,">0,80-1,00",73,0.08538,855
64.02.19.2007,sumber sari,sangat rendah,"0,00-0,20",37,0.097884,378
64.02.19.2007,sumber sari,rendah,">0,20-0,40",22,0.058201,378
64.02.19.2007,sumber sari,sedang,">0,40-0,60",121,0.320106,378
64.02.19.2007,sumber sari,tinggi,">0,60-0,80",182,0.481481,378
64.02.19.2007,sumber sari,sangat tinggi,">0,80-1,00",16,0.042328,378
64.02.19.2008,sari nadi,sangat rendah,"0,00-0,20",64,0.130346,491
64.02.19.2008,sari nadi,rendah,">0,20-0,40",31,0.063136,491
64.02.19.2008,sari nadi,sedang,">0,40-0,60",136,0.276986,491
64.02.19.2008,sari nadi,tinggi,">0,60-0,80",231,0.470468,491
64.02.19.2008,sari nadi,sangat tinggi,">0,80-1,00",29,0.059063,491
64.02.19.2009,suka bumi,sangat rendah,"0,00-0,20",24,0.061538,390
64.02.19.2009,suka bumi,rendah,">0,20-0,40",27,0.069231,390
64.02.19.2009,suka bumi,sedang,">0,40-0,60",119,0.305128,390
64.02.19.2009,suka bumi,tinggi,">0,60-0,80",198,0.507692,390
64.02.19.2009,suka bumi,sangat tinggi,">0,80-1,00",22,0.05641,390
64.02.19.2010,wonosari,sangat rendah,"0,00-0,20",10,0.084746,118
64.02.19.2010,wonosari,rendah,">0,20-0,40",11,0.09322,118
64.02.19.2010,wonosari,sedang,">0,40-0,60",40,0.338983,118
64.02.19.2010,wonosari,tinggi,">0,60-0,80",55,0.466102,118
64.02.19.2010,wonosari,sangat tinggi,">0,80-1,00",2,0.016949,118
